suite,metric,value
adaptive_static,static_experiments,6
adaptive_static,adaptive_experiments,2
adaptive_static,experiment_reduction_factor,3.0
adaptive_static,redundant_static_experiments,4
adaptive_static,static_wall_seconds,0.496589
adaptive_static,adaptive_wall_seconds,0.165653
adaptive_static,wall_clock_speedup,2.998
retrieval,recall_at_1,1.0
retrieval,recall_at_5,1.0
retrieval,recall_at_10,1.0
variant,substitution_precision,1.0
variant,substitution_recall,1.0
variant,indel_precision,1.0
variant,indel_recall,1.0
local_search,p50_seconds,
local_search,p95_seconds,
local_search,cold_seconds,
local_search,warm_seconds,
